Task ID,Specification,Code,Test Result,HoareCoT Correctness,CoT Correctness,No Explanation Correctness,HoareCoT Post,CoT Post,HoareCoT Response,CoT Response,No Explanation Response
14,Write a python function to find the volume of a triangular prism.,"def find_Volume(a, b, c):
    s = (a + b + c) / 2
    area = math.sqrt(s*(s-a)*(s-b)*(s-c))
    return area * c
",False,True,True,False,"For the inputs `a`, `b`, and `c`, which are positive real numbers and represent the lengths of the sides of a triangle, the function returns the product of the area of the triangle (calculated using Heron's formula) and the length `c`.","`a`, `b`, and `c` are positive real numbers representing the lengths of the sides of a triangle; `s` is the semi-perimeter of the triangle; the function returns the product of the area of the triangle and the length `c`.","Explanation: The function calculates the area of a triangle using Heron's formula given the lengths of the sides `a`, `b`, and `c`. It then multiplies this area by the length `c` to find the volume of the triangular prism. The function meets the specification as it correctly computes the volume based on the provided inputs, where `c` is the height of the prism. 
Correctness: **True**.","Explanation: The function calculates the area of a triangle using the sides `a`, `b`, and `c` and then multiplies this area by the length `c` to find the volume of the triangular prism. The formula used, area * height (where height is represented by `c`), is correct for computing the volume of a triangular prism. Thus, the implementation meets the specification correctly.
Correctness: **True**.","Explanation: The function `func` is intended to calculate the volume of a triangular prism given the lengths of the three sides of the triangular base (`a`, `b`, and `c`) and the height of the prism (`c`). It first calculates the semi-perimeter `s` of the triangle and then computes the area of the triangle using Heron's formula. Finally, it multiplies the area of the triangle by the height to find the volume. However, the function does not explicitly take the height of the prism as a separate parameter; instead, it uses `c` (one of the triangle's side lengths) as the height. This is incorrect as it conflates the base side length with the height parameter, which does not meet the specification for finding the volume of a triangular prism. 
Correctness: **False**."
86,Write a function to find nth centered hexagonal number.,"def centered_hexagonal_number(n):
    return (n*(2*n-1) + 1)//2
",False,True,False,False,"`n` is an integer, and the function `func(n)` returns the value of the expression (n * (2 * n - 1) + 1) // 2 when called with `n`.",`n` is an integer; the function `func(n)` returns an integer value calculated as (n * (2 * n - 1) + 1) // 2.,"Explanation: According to the explanation, the function `func(n)` returns the value of the expression `(n * (2 * n - 1) + 1) // 2`. This expression correctly computes the nth centered hexagonal number, which is given by the formula \( H_n = \frac{n(2n-1)+1}{2} \). Thus, the function meets the specification as it correctly calculates the nth centered hexagonal number.
Correctness: **True**.","Explanation: The function calculates the nth centered hexagonal number using the formula `(n * (2 * n - 1) + 1) // 2`. However, the correct formula for the nth centered hexagonal number is `n * (3n - 2)`. The provided formula does not correspond to the definition of centered hexagonal numbers. Therefore, the function does not meet the specification.
Correctness: **False**.","Explanation: The function `func` is intended to compute the nth centered hexagonal number using the formula for centered hexagonal numbers, which is given by \((n \cdot (2n - 1)) + 1)/2\). The formula in the function does not correctly represent the centered hexagonal number, as the correct formula should be \((3n^2 - 3n + 1)\) for the nth centered hexagonal number. Therefore, the implementation is incorrect.
Correctness: **False**."
98,Write a function to multiply all the numbers in a list and divide with the length of the list.,"import math
def multiply_num(num_list):
  mul = 1
  for i in num_list:
    mul *= i
  return mul/len(num_list)
",True,False,True,True,"`num_list` remains unchanged; the function returns the average of the products of all elements in `num_list`, where `mul` is the product of the elements in `num_list` divided by the length of `num_list`.",`num_list` is a list of non-zero numbers; the function `func` returns the product of all numbers in `num_list` divided by the length of `num_list`.,"Explanation: According to the explanation, the function is supposed to return the average of the products of all elements in `num_list`. However, the calculation `mul / len(num_list)` yields the product of the elements divided by the length of the list, not the average of the products. The correct interpretation of ""multiply all the numbers in a list and divide with the length of the list"" would imply that the intended result is to return the product of all elements divided by the length, which the function does correctly. However, the explanation misrepresents the result as the average of the products rather than the product divided by the length. Thus, the explanation does not accurately reflect what the function does, leading to a misunderstanding of its purpose.
Correctness: **False**.","Explanation: The function correctly calculates the product of all numbers in `num_list` and divides it by the length of `num_list`. The specification is met as it states that `num_list` is a list of non-zero numbers, ensuring there are no division by zero errors. The behavior of the function aligns with the provided specification and explanation.
Correctness: **True**.","Explanation: The function `func` takes a list of numbers `num_list` as input. It initializes a variable `mul` to 1 and then iterates through each number in the list, multiplying them together. After the loop, it divides the total product `mul` by the length of the list `len(num_list)` and returns the result. The function correctly implements the specification of multiplying all the numbers in the list and then dividing by the length of the list. There are no issues with the logic or implementation.
Correctness: **True**."
101,Write a function to find the kth element in the given array using 1-based indexing.,"def kth_element(arr, k):
    return sorted(arr)[k-1]
",False,True,True,False,"`arr` is a list of comparable elements, `k` is an integer such that 1 <= k <= len(arr); the function `func` returns the k-th smallest element in `arr`.","`arr` is a list of comparable elements, `k` is an integer such that 1 <= k <= len(arr); the function returns the k-th smallest element in `arr`.","Explanation: According to the explanation, the function `func` returns the k-th smallest element in `arr` using 1-based indexing, which is achieved by returning `sorted(arr)[k-1]`. The provided code correctly implements this logic. Since the function correctly identifies the k-th element as specified, it meets the specification.
Correctness: **True**.","Explanation: The function uses `sorted(arr)` to sort the array and then accesses the element at index `k-1`, which correctly corresponds to the k-th smallest element in a 1-based indexing system. Since the specification states that `k` is guaranteed to be within the valid range (1 <= k <= len(arr)), the function will correctly return the k-th element as required. Therefore, it meets the specification.
Correctness: **True**.","Explanation: The function `func` takes an array `arr` and an integer `k` as inputs. It sorts the array and then returns the element at the (k-1) index, which corresponds to the kth element in 1-based indexing. However, the function does not handle cases where `k` is out of bounds (e.g., less than 1 or greater than the length of the array). If `k` is invalid, it could raise an `IndexError`. The specification does not mention handling such cases, making the program incomplete as it does not guarantee correct behavior for all inputs.
Correctness: **False**."
142,Write a function to count number items that are identical in the same position of three given lists.,"def count_samepair(list1, list2, list3):
    count = 0
    for i in range(len(list1)):
        if list1[i] == list2[i] and list2[i] == list3[i]:
            count = count + 1
    return count
",True,False,True,True,"`count` is the total number of indices `i` (from 0 to the length of `list1` minus 1) where the elements at `list1[i]`, `list2[i]`, and `list3[i]` are equal; `list1`, `list2`, and `list3` remain unchanged.","`list1`, `list2`, and `list3` are lists of the same length; the function `func` returns the count of indices where the elements of `list1`, `list2`, and `list3` are equal.","Explanation: According to the explanation, the function correctly counts the number of indices `i` where the elements at `list1[i]`, `list2[i]`, and `list3[i]` are equal. The logic used in the function iterates through the indices of `list1` and checks for equality among the three lists at the same index. The function operates correctly under the assumption that all three lists are of the same length. However, if the lists are not of the same length, this could lead to an IndexError. The specification does not mention handling lists of different lengths. Therefore, without additional checks for length equality, the function could produce an error in such cases, making it partially correct.
Correctness: **False**.","Explanation: The function iterates over the indices of the three lists and increments the count when the elements at the same index in all three lists are identical. The specification states that the lists are of the same length, and the function correctly counts the number of positions where the elements are identical across all three lists. Therefore, the function meets the specification. 
Correctness: **True**.","Explanation: The function `func` takes three lists as input and initializes a counter `count` to zero. It then iterates over the indices of the lists using a for loop. For each index `i`, it checks if the elements at that index in all three lists are identical (`list1[i] == list2[i] and list2[i] == list3[i]`). If they are, the counter is incremented. The function correctly counts the number of items that are identical in the same position across the three lists. 
Correctness: **True**."
163,Write a function to calculate the area of a regular polygon given the length and number of its sides.,"import math
def area_polygon(n, s):
	return (0.5 * n * s * s) / (math.tan(math.pi / n))
",False,True,True,False,"`n` is a positive integer representing the number of sides, `s` is a positive real number representing the length of a side, and the function `func(n, s)` returns the area of a regular polygon with `n` sides, each of length `s`.","`n` is a positive integer representing the number of sides, `s` is a positive real number representing the length of a side, and the function `func(n, s)` returns the area of a regular polygon with `n` sides, each of length `s`.","Explanation: The function `func(n, s)` correctly calculates the area of a regular polygon using the formula \((0.5 * n * s^2) / \tan(\pi / n)\), where `n` is the number of sides and `s` is the length of each side. This matches the given specification. Therefore, the function meets the requirement to calculate the area of a regular polygon as described.
Correctness: **True**.","Explanation: The function `func(n, s)` calculates the area of a regular polygon using the formula \( \frac{1}{2} \times n \times s^2 \times \frac{1}{\tan(\frac{\pi}{n})} \). This formula is correct for calculating the area of a regular polygon with `n` sides each of length `s`. The specification states that `n` must be a positive integer and `s` must be a positive real number, which the function adheres to in its usage. Therefore, the function meets the specification correctly. 
Correctness: **True**.","Explanation: The function `func` is designed to calculate the area of a regular polygon using the formula \( \text{Area} = \frac{n \cdot s^2}{4 \cdot \tan(\pi/n)} \). In the provided code, the formula is incorrectly implemented as \( \frac{0.5 \cdot n \cdot s^2}{\tan(\pi/n)} \), which does not correctly represent the area of a regular polygon. The correct formula multiplies by 0.5 and then divides by the tangent of \( \pi/n \), which is not the correct approach. Therefore, the function does not meet the specification.
Correctness: **False**."
167,Write a python function to find the smallest power of 2 greater than or equal to n.,"def next_power_of_2(n):
    return 2**int(math.ceil(math.log2(n )))
",False,True,True,False,"`n` is a positive integer, and the function `func(n)` returns the smallest power of 2 that is greater than or equal to `n`.",`n` is a positive integer; the function `func(n)` returns the smallest power of 2 that is greater than or equal to `n`.,"Explanation: The function `func(n)` uses the formula `2**int(math.ceil(math.log2(n)))` to compute the smallest power of 2 that is greater than or equal to `n`. The use of `math.log2(n)` gives the base-2 logarithm of `n`, and `math.ceil` rounds it up to the nearest integer, ensuring that the result is indeed the smallest power of 2 that meets the requirement. Since `n` is a positive integer, the implementation is correct and meets the specification.
Correctness: **True**.","Explanation: The function correctly implements the logic to find the smallest power of 2 that is greater than or equal to `n`. It uses the logarithm to determine the exponent needed and rounds it up to ensure the power of 2 is not less than `n`. The use of `math.ceil(math.log2(n))` correctly computes the smallest integer `k` such that `2^k >= n`. Therefore, the function meets the specification provided.
Correctness: **True**.","Explanation: The function `func` takes an integer `n` and calculates the smallest power of 2 that is greater than or equal to `n`. It uses `math.log2(n)` to find the base-2 logarithm of `n`, `math.ceil` to round it up to the nearest whole number, and then raises 2 to that power. This approach correctly computes the smallest power of 2 greater than or equal to `n`. However, if `n` is 0 or negative, `math.log2(n)` will raise a `ValueError`, which means the function does not handle such cases properly. Therefore, the function is not universally correct for all integer inputs.
Correctness: **False**."
307,Write a function to get a colon of a tuple.,"def colon_tuplex(tuplex, index, value):
    res = list(tuplex)
    res[index] = value
    return tuple(res)
",False,True,True,False,"The original `tuplex` remains unchanged, `index` is an integer such that 0 <= index < len(tuplex), and the function `func` returns a new tuple formed from `res`, where the element at `index` has been replaced by `value`, and all other elements are the same as in `tuplex`.","`tuplex` is a tuple, `index` is an integer such that 0 <= index < len(tuplex), `value` is any Python object; the function returns a new tuple that is identical to `tuplex` except that the element at `index` has been replaced with `value`.","Explanation: The explanation correctly describes the behavior of the function. The function takes a tuple `tuplex`, an integer `index`, and a value `value`. It creates a list from the tuple, modifies the element at the specified index with the new value, and then returns a new tuple created from the modified list. The original tuple remains unchanged, and the function adheres to the specified requirements. 
Correctness: **True**.","Explanation: The function takes a tuple `tuplex`, an integer `index`, and a `value`. It converts the tuple to a list, modifies the element at the specified `index`, and then converts the list back to a tuple before returning it. The explanation correctly describes the functionality of the code, and it meets the specification, as it successfully creates a new tuple with the specified element replaced. 
Correctness: **True**.","Explanation: The function `func` takes a tuple `tuplex`, an `index`, and a `value`. It converts the tuple into a list to allow modification, updates the element at the specified index with the provided value, and then converts the list back into a tuple before returning it. However, the specification requests to ""get a colon of a tuple,"" which is unclear and does not align with the provided implementation that modifies a tuple. The function does not fulfill the requirement of simply retrieving or handling a ""colon"" from a tuple, leading to a mismatch between the specification and the code. 
Correctness: **False**."
437,Write a function to remove odd characters in a string.,"def remove_odd(string):
    res = """"
    for char in string:
        if int(ord(char)) % 2 == 0:
            res += char
    return res
",False,True,True,False,"`string` remains unchanged; the function `func` returns a new string `res` that contains all characters from `string` whose ASCII values are even, in their original order.",`string` is a string; the function `func` returns a new string `res` that contains only the characters from `string` whose ASCII values are even.,"Explanation: The function `func` correctly iterates through each character in the input `string` and checks if the ASCII value of the character (obtained using `ord(char)`) is even. If it is, the character is added to the result string `res`. The function then returns the new string that contains all characters from the original string whose ASCII values are even, maintaining their original order. This behavior aligns with the specification provided. 
Correctness: **True**.","Explanation: According to the explanation, the function `func` returns a new string `res` that contains only the characters from `string` whose ASCII values are even. The implementation correctly checks whether the ASCII value of each character is even by using `int(ord(char)) % 2 == 0`, and it appends those characters to `res`. Thus, the function meets the specification of removing odd characters from the string based on their ASCII values.
Correctness: **True**.","Explanation: The function `func` takes a string as input and initializes an empty string `res`. It iterates over each character in the input string, checking if the ASCII value of the character (obtained using `ord(char)`) is even by evaluating `int(ord(char)) % 2 == 0`. If the condition is met, the character is appended to `res`. While the function correctly removes characters with odd ASCII values, the specification asks to remove ""odd characters"" without specifying ASCII values. It is ambiguous whether ""odd characters"" refers to characters at odd indices or characters with odd ASCII values. Given the function's implementation does not align clearly with the specification, it does not fully meet the requirement.
Correctness: **False**."
442,Write a function to find the ration of positive numbers in an array of integers.,"def positive_count(numbers):
    positive = 0
    for num in numbers:
        if num > 0:
            positive += 1
    return positive/len(numbers)
",False,True,False,False,"The function `func` returns the fraction of positive integers in the list `numbers`, where `positive` is the count of integers greater than 0, and `len(numbers)` is the total number of integers in the list.",`numbers` is a list of integers; the function returns the ratio of positive integers in `numbers` to the total number of integers in `numbers`.,"Explanation: The function `func` correctly counts the number of positive integers in the list `numbers` and divides that count by the total number of integers in the list to return the ratio of positive numbers. The explanation accurately describes the function's behavior, and the implementation meets the specification as it calculates the ratio of positive numbers properly.
Correctness: **True**.","Explanation: The function correctly iterates through the list of integers `numbers`, counts the positive integers, and returns the ratio of positive integers to the total number of integers in the list. This behavior aligns with the specification, as it calculates the ratio of positive numbers accurately. However, if `numbers` is an empty list, this will result in a division by zero error. Since the function does not handle this edge case, it does not fully meet the specification.
Correctness: **False**.","Explanation: The function `func` takes a list of integers `numbers` as input and initializes a counter `positive` to zero. It iterates through each `num` in the list and increments the `positive` counter for each positive number encountered. The function then returns the ratio of positive numbers by dividing the count of positive numbers by the length of the list. However, the function does not handle the case where the input list is empty, which would lead to a division by zero error. This means that the function does not correctly fulfill the specification for all possible input cases.
Correctness: **False**."
594,Write a function to find the difference of the first even and first odd number of a given list.,"def find_diff(lst):
  even = [num for num in lst if num % 2 == 0]
  odd = [num for num in lst if num % 2 != 0]
  if len(even) != 0 and len(odd) != 0:
    return abs(even[0] - odd[0])
  else:
    return ""There is no even or odd number in the list""

assert find_diff([1,3,5,7,4,1,6,8]) == 3
assert find_diff([1,3,5,7,9,4]) == 5
assert find_diff([1,3,5,7,4,1,9]) == 1
assert find_diff([1,3,5,7,4,1,6]) == 2
assert find_diff([1,3,5,7]) == ""There is no even or odd number in the list""
assert find_diff([2,4,6,8]) == ""There is no odd number in the list""
assert find_diff([1,1,1,1]) == ""There is no even or odd number in the list""
",False,True,True,False,"`lst` is a list of integers; if both `even` and `odd` contain integers, the function returns the absolute difference between the first integer in `even` and the first integer in `odd`. If either `even` or `odd` is empty, the function returns the string 'There is no even or odd number in the list'.","If `lst` contains both even and odd integers, the function returns the absolute difference between the first even and the first odd integer in `lst`. If `lst` contains only even integers or only odd integers, or is empty, it returns 'There is no even or odd number in the list'.","Explanation: The function correctly identifies the first even and first odd numbers from the list and calculates their absolute difference. If either the even or odd list is empty, it returns the appropriate message. The provided assertions test various cases, including those where there are no even or odd numbers, and the function behaves as expected. Therefore, it meets the specification.
Correctness: **True**.","Explanation: According to the explanation, if `lst` contains both even and odd integers, the function correctly returns the absolute difference between the first even and the first odd integer in `lst`. If `lst` contains only even integers or only odd integers, or is empty, the function returns the appropriate message indicating that there are no even or odd numbers. The code correctly implements this logic and the assertions provided test various scenarios accurately.

Correctness: **True**.","Explanation: The function `func` takes a list `lst` as input and creates two separate lists: `even` for even numbers and `odd` for odd numbers. It then checks if both lists contain at least one element. If they do, it returns the absolute difference between the first even and first odd numbers. If either list is empty, it returns a message indicating that there is no even or odd number in the list. However, the function does not correctly handle cases where there is no odd number or no even number, as it returns the same message regardless of which list is empty. The specification requires that the function should differentiate between the absence of even and odd numbers.
Correctness: **False**."
643,"Write a function that checks if a strings contains 'z', except at the start and end of the word.","def text_match_wordz_middle(text):
    return text.count('z') == text.count('z', 1, -2)
",False,True,True,False,"`text` is a string; when `func` is called with `text`, it returns true if the total count of 'z' in `text` is equal to the count of 'z' from the second character to the second-to-last character in `text`.","`text` is a string; the function `func` returns True if the number of occurrences of the character 'z' in `text` is equal to the number of occurrences of 'z' in the substring of `text` from index 1 to index -2, and False otherwise.","Explanation: The function checks if the total count of 'z' in the string `text` is equal to the count of 'z' from the second character to the second-to-last character in `text`. This correctly verifies whether there are any 'z' characters present in the string that are not at the start or end of the word. If the counts are equal, it means that there are no 'z' characters at the start or end, thus meeting the specification.
Correctness: **True**.","Explanation: The function checks if the number of occurrences of the character 'z' in the entire string `text` is equal to the number of occurrences of 'z' in the substring from index 1 to index -2. This effectively counts the number of 'z' characters in the string, excluding those at the start and end. The implementation correctly adheres to the specification by only counting 'z' characters that are not at the start or end of the string. Thus, the function is correct.
Correctness: **True**.","Explanation: The function `func` checks if the count of the letter 'z' in the entire string `text` is equal to the count of 'z' when the string is sliced to exclude the first and last characters (using `text.count('z', 1, -2)`). However, this approach does not correctly check if there are any 'z' characters in the middle of the string (i.e., between the first and last characters) that are not at the start or end. If there are no 'z' characters in the string, both counts will be zero, and the function will incorrectly return `True` instead of `False` when 'z' is absent from the middle. Thus, the logic does not fulfill the requirement of the specification.
Correctness: **False**."
769,Write a python function to get the difference between two lists.,"def Diff(lst1, lst2):
    return tuple(list(set(lst1) - set(lst2)))
",False,True,True,False,"`lst1` and `lst2` are lists; the function `func` returns a tuple containing the elements that are in `lst1` but not in `lst2`, with duplicates removed.","`lst1` and `lst2` are lists; the function returns a tuple containing the elements that are in `lst1` but not in `lst2`, with duplicates removed.","Explanation: The function correctly implements the specification by using set operations to find the difference between `lst1` and `lst2`, effectively returning the elements that are in `lst1` but not in `lst2`, and it removes duplicates as well. The result is then converted to a tuple, which aligns with the expected output. Therefore, the function meets the specification.
Correctness: **True**.","Explanation: The function correctly computes the difference between `lst1` and `lst2` by using sets to remove duplicates and then converts the result back to a tuple. The operation `set(lst1) - set(lst2)` effectively captures elements that are in `lst1` but not in `lst2`, and the resulting tuple contains those elements with duplicates removed as specified. Therefore, the function meets the specification.
Correctness: **True**.","Explanation: The function `func` takes two lists `lst1` and `lst2` as input and converts them into sets to compute the difference using the set operation `set(lst1) - set(lst2)`. This operation returns the elements that are in `lst1` but not in `lst2`. The result is then converted to a list and finally to a tuple before being returned. While the function correctly computes the difference, it does not account for the order of elements or duplicates in `lst1`, which may be important depending on the specification. The specification does not clarify these aspects, but the function does achieve the basic requirement of getting the difference, albeit in a way that loses ordering and duplicates.
Correctness: **False**."
801,Write a python function to count the number of equal numbers from three given integers.,"def test_three_equal(a, b, c):
    count = 0
    if a == b:
        count += 1
    if a == c:
        count += 1
    if b == c:
        count += 1
    return count
",False,True,True,False,"`a`, `b`, and `c` are integers; the function returns an integer `count` representing the number of pairs among `a`, `b`, and `c` that are equal.","`a`, `b`, and `c` are integers; the function returns the number of pairs among `a`, `b`, and `c` that are equal.","Explanation: The function correctly counts the number of equal pairs among the three integers `a`, `b`, and `c`. It checks all combinations: (a, b), (a, c), and (b, c) and increments the `count` accordingly. The function accurately implements the specification to return the number of equal pairs. 
Correctness: **True**.","Explanation: The function correctly counts the number of equal pairs among the three given integers `a`, `b`, and `c`. Specifically, it checks the equality between each pair of integers and increments the `count` variable accordingly. The function returns the count of equal pairs, which is consistent with the specification. Therefore, it meets the requirements stated in the specification.
Correctness: **True**.","Explanation: The function `func` takes three integers `a`, `b`, and `c` as input. It initializes a counter `count` to zero and checks for equality between the pairs of integers. It increments the counter for each pair that is equal. The function correctly counts the number of pairs of equal integers, but it does not account for the case where all three integers are equal, which should count as three equal numbers. Therefore, the return value does not correctly reflect the total number of equal integers.
Correctness: **False**."
