Task ID,Dataset,model_created,model_run,description,Code,Test Result,Correctness,Post,original correctness,naive correctness,data file
Mbpp/256,mbpp,llama3-70b,gpt-3.5-turbo-0125,Write a python function that takes in a non-negative number and returns the number of prime numbers less than the given non-negative number.,"def count_Primes_nums(n: int) -> int:
    def is_prime(num: int) -> bool:
        if num < 2:
            return False
        for i in range(2, int(num**0.5) + 1):
            if num % i == 0:
                return False
        return True

    count = 0
    for num in range(2, n):
        if is_prime(num):
            count += 1
    return count
",,True,"The function `func` accepts a non-negative integer `n`. It then iterates through the range [2, n) calling `func2(num)` for each `num`. If `func2(num)` returns True, it increments a counter `count` by 1. The function returns the final value of `count`, representing the number of times `func2(num)` returned true in the given range. If `n` is less than or equal to 2, it returns 0. The function does not handle cases where `func2(num)` returns False or any other potential edge cases mentioned in the annotations.",True,True,pilot_mbpp1.json
Mbpp/256,mbpp,gpt-4o,gpt-3.5-turbo-0125,Write a python function that takes in a non-negative number and returns the number of prime numbers less than the given non-negative number.,"def count_Primes_nums(n):
    if n <= 2:
        return 0
    
    # Initialize a list to keep track of prime status for each number up to n-1
    is_prime = [True] * n
    is_prime[0] = is_prime[1] = False # 0 and 1 are not prime numbers
    
    # Sieve of Eratosthenes
    for i in range(2, int(n ** 0.5) + 1):
        if is_prime[i]:
            for j in range(i * i, n, i):
                is_prime[j] = False
    
    # Count primes less than n
    return sum(is_prime)

# Test cases
assert count_Primes_nums(5) == 2
assert count_Primes_nums(10) == 4
assert count_Primes_nums(100) == 25
",,False,"The function `func` accepts a non-negative integer `n`. If `n` is less than or equal to 2, the function returns 0. For `n` greater than 2, the function iterates through numbers from 2 to the square root of `n`. For each prime number `i`, it marks all multiples of `i` in the range of `i * i` to `n - 1` as False in the `is_prime` list. The function then returns the sum of the `is_prime` list. The code correctly handles identifying prime numbers within the given range of `n`, but it does not handle the scenario where `n` is negative.",True,True,pilot_mbpp1.json
Mbpp/637,mbpp,llama3-70b,gpt-3.5-turbo-0125,Write a function to check whether the given amount has no profit and no loss,"def noprofit_noloss(cost_price, selling_price):
    return cost_price == selling_price
",,True,"The function `func` accepts two integer parameters `cost_price` and `selling_price`, and simply checks if they are equal. It returns `True` if they are equal and `False` otherwise. The function does not handle cases where `cost_price` or `selling_price` are not integers or scenarios where they are not equal but should return a specific message.",True,True,pilot_mbpp1.json
Mbpp/637,mbpp,gpt-4o,gpt-3.5-turbo-0125,Write a function to check whether the given amount has no profit and no loss,"def noprofit_noloss(cost_price, selling_price):
    return cost_price == selling_price

# Tests
assert noprofit_noloss(1500, 1200) == False
assert noprofit_noloss(100, 100) == True
assert noprofit_noloss(2000, 5000) == False
",,True,"The function `func` accepts two integer parameters `cost_price` and `selling_price`, representing the cost price and selling price respectively. It then returns True if the cost_price is equal to the selling_price, otherwise it returns False.",True,True,pilot_mbpp1.json
Mbpp/750,mbpp,llama3-70b,gpt-3.5-turbo-0125,Write a function to add the given tuple to the given list.,"def add_tuple(lst, tup):
    return lst + list(tup)
",,True,"The function accepts a list lst and a tuple tup, then concatenates lst with the elements of tup converted to a list, and returns the result.",True,True,pilot_mbpp1.json
Mbpp/750,mbpp,gpt-4o,gpt-3.5-turbo-0125,Write a function to add the given tuple to the given list.,"def add_tuple(lst, tpl):
    return lst + list(tpl)

# Test cases
assert add_tuple([5, 6, 7], (9, 10)) == [5, 6, 7, 9, 10]
assert add_tuple([6, 7, 8], (10, 11)) == [6, 7, 8, 10, 11]
assert add_tuple([7, 8, 9], (11, 12)) == [7, 8, 9, 11, 12]
",,True,"The function accepts two parameters, a list `lst` and a tuple `tpl`, and concatenates the list and tuple into a single list, returning the result.",True,True,pilot_mbpp1.json
Mbpp/577,mbpp,llama3-70b,gpt-3.5-turbo-0125,Write a python function to find the last digit in factorial of a given number.,"def last_Digit_Factorial(n: int) -> int:
    if n < 2:
        return n
    elif n == 2 or n == 3:
        return n
    elif n == 4:
        return 4
    else:
        return 0
",,False,"The function accepts an integer parameter n. It returns n for values less than 2, returns 4 when n equals 4, and returns 0 for any other non-specified value of n greater than or equal to 0. The code covers the cases when n is 2, 3, 4, or any other value not explicitly mentioned.",False,False,pilot_mbpp1.json
Mbpp/577,mbpp,gpt-4o,gpt-3.5-turbo-0125,Write a python function to find the last digit in factorial of a given number.,"def last_Digit_Factorial(n):
    if n >= 5:
        return 0
    else:
        factorial = 1
        for i in range(1, n + 1):
            factorial *= i
        return factorial % 10

# Testing the function
assert last_Digit_Factorial(4) == 4
assert last_Digit_Factorial(21) == 0
assert last_Digit_Factorial(30) == 0
",,False,"The function accepts a non-negative integer n. If n is greater than or equal to 5, it returns 0. Otherwise, it calculates the factorial of n and returns the last digit of the calculated factorial (factorial % 10). If n is less than 5, the function calculates the factorial of n correctly but doesn't return the last digit as indicated in the annotations. Hence, the code does not fully align with the annotations provided.",False,True,pilot_mbpp1.json
Mbpp/276,mbpp,llama3-70b,gpt-3.5-turbo-0125,Write a function that takes in the radius and height of a cylinder and returns the the volume.,"import math

def volume_cylinder(radius, height):
    return math.pi * (radius ** 2) * height
",,True,"The function accepts two non-negative numbers `radius` and `height`, calculates the volume of a cylinder using the formula math.pi * radius^2 * height, and returns the result.",True,True,pilot_mbpp1.json
Mbpp/276,mbpp,gpt-4o,gpt-3.5-turbo-0125,Write a function that takes in the radius and height of a cylinder and returns the the volume.,"import math

def volume_cylinder(radius, height):
    # Calculate the volume using the formula for the volume of a cylinder
    volume = math.pi * (radius ** 2) * height
    return volume

# Tests to validate the function
assert math.isclose(volume_cylinder(10, 5), 1570.7500000000002, rel_tol=0.001)
assert math.isclose(volume_cylinder(4, 5), 251.32000000000002, rel_tol=0.001)
assert math.isclose(volume_cylinder(4, 10), 502.64000000000004, rel_tol=0.001)
",,True,"The function accepts non-negative floating-point numbers `radius` and `height`, calculates the volume of a cylinder using the provided formula, and returns the calculated volume.",True,True,pilot_mbpp1.json
Mbpp/567,mbpp,llama3-70b,gpt-3.5-turbo-0125,Write a function to check whether a specified list is sorted or not.,"def issort_list(lst):
    return all(lst[i] <= lst[i+1] for i in range(len(lst)-1))
",,True,"The function accepts a list lst of elements and returns True if the elements are in non-decreasing order. Otherwise, it returns False. The function does not handle cases where lst is empty or contains non-comparable elements like strings or other data types.",True,True,pilot_mbpp2.json
Mbpp/567,mbpp,gpt-4o,gpt-3.5-turbo-0125,Write a function to check whether a specified list is sorted or not.,"def issort_list(lst):
    for i in range(len(lst) - 1):
        if lst[i] > lst[i + 1]:
            return False
    return True

# Test cases
assert issort_list([1, 2, 4, 6, 8, 10, 12, 14, 16, 17]) == True
assert issort_list([1, 2, 4, 6, 8, 10, 12, 14, 20, 17]) == False
assert issort_list([1, 2, 4, 6, 8, 10, 15, 14, 20]) == False
",,False,"The function `func` accepts a list `lst` of comparable elements. It iterates through the list, comparing each element with the next. If at any point an element is greater than the one following it, the function returns False. If the list has less than 2 elements, the function returns True. However, the annotations suggest that the function always returns True, which is not accurate. The actual functionality is to return False if any element in the list is greater than the one following it, and True otherwise.",True,False,pilot_mbpp2.json
Mbpp/744,mbpp,llama3-70b,gpt-3.5-turbo-0125,Write a function to check if the given tuple has any none value or not.,"def check_none(tup):
    return any(x is None for x in tup)
",,True,"The function accepts a tuple `tup` and returns True if the tuple contains None, otherwise it returns False.",True,True,pilot_mbpp2.json
Mbpp/744,mbpp,gpt-4o,gpt-3.5-turbo-0125,Write a function to check if the given tuple has any none value or not.,"def check_none(tup):
    for item in tup:
        if item is None:
            return True
    return False

# Test cases to validate the solution
assert check_none((10, 4, 5, 6, None)) == True
assert check_none((7, 8, 9, 11, 14)) == False
assert check_none((1, 2, 3, 4, None)) == True
",,True,"The function `func` accepts a parameter `tup`, which is a tuple containing elements of any data type, including None. If `tup` is not empty and contains at least one element that is None, the function returns True. If `tup` is empty or does not contain any None elements, the function returns False.",True,True,pilot_mbpp2.json
Mbpp/741,mbpp,llama3-70b,gpt-3.5-turbo-0125,Write a python function to check whether all the characters are same or not.,"def all_Characters_Same(s: str) -> bool:
    return len(set(s)) == 1
",,True,"The function accepts a parameter `s` which is a string and returns True if all characters in the string `s` are the same, otherwise it returns False.",False,True,pilot_mbpp2.json
Mbpp/741,mbpp,gpt-4o,gpt-3.5-turbo-0125,Write a python function to check whether all the characters are same or not.,"def all_Characters_Same(s):
    if not s:  # If the string is empty, return True (edge case)
        return True
    first_char = s[0]
    for char in s:
        if char != first_char:
            return False
    return True

# Tests
assert all_Characters_Same(""python"") == False
assert all_Characters_Same(""aaa"") == True
assert all_Characters_Same(""data"") == False
",,True,"The function `func` accepts a parameter `s`, which is a string. If `s` is empty, the function returns True. If `s` is a non-empty string and all characters in `s` are equal to the first character in `s`, the function returns True. If any character in `s` is different from the first character, the function returns False. The function always returns True.",True,True,pilot_mbpp2.json
Mbpp/722,mbpp,llama3-70b,gpt-3.5-turbo-0125,"The input is given as - a dictionary with a student name as a key and a tuple of float (student_height, student_weight) as a value, - minimal height, - minimal weight. Write a function to filter students that have height and weight above the minimum.","def filter_data(student_data, min_height, min_weight):
    return {name: (height, weight) for name, (height, weight) in student_data.items() if height >= min_height and weight >= min_weight}
",,True,"The function `func` accepts three parameters: `student_data`, `min_height`, and `min_weight`. It filters the `student_data` dictionary based on the condition that the student's height is greater than or equal to `min_height` and weight is greater than or equal to `min_weight`. The function then returns a new dictionary containing only the students that meet these criteria.",False,True,pilot_mbpp2.json
Mbpp/722,mbpp,gpt-4o,gpt-3.5-turbo-0125,"The input is given as - a dictionary with a student name as a key and a tuple of float (student_height, student_weight) as a value, - minimal height, - minimal weight. Write a function to filter students that have height and weight above the minimum.","def filter_data(student_dict, min_height, min_weight):
    return {name: (height, weight) for name, (height, weight) in student_dict.items() if height >= min_height and weight >= min_weight}

# Test cases
assert filter_data({'Cierra Vega': (6.2, 70), 'Alden Cantrell': (5.9, 65), 'Kierra Gentry': (6.0, 68), 'Pierre Cox': (5.8, 66)},6.0,70) == {'Cierra Vega': (6.2, 70)}
assert filter_data({'Cierra Vega': (6.2, 70), 'Alden Cantrell': (5.9, 65), 'Kierra Gentry': (6.0, 68), 'Pierre Cox': (5.8, 66)},5.9,67) == {'Cierra Vega': (6.2, 70),'Kierra Gentry': (6.0, 68)}
assert filter_data({'Cierra Vega': (6.2, 70), 'Alden Cantrell': (5.9, 65), 'Kierra Gentry': (6.0, 68), 'Pierre Cox': (5.8, 66)},5.7,64) == {'Cierra Vega': (6.2, 70),'Alden Cantrell': (5.9, 65),'Kierra Gentry': (6.0, 68),'Pierre Cox': (5.8, 66)}
",,True,"The function `func` accepts a dictionary `student_dict`, a minimum height `min_height`, and a minimum weight `min_weight`, and returns a filtered dictionary containing only the students whose height is greater than or equal to `min_height` and weight is greater than or equal to `min_weight`. The function filters the student dictionary based on the given height and weight criteria.",False,True,pilot_mbpp2.json
Mbpp/166,mbpp,llama3-70b,gpt-3.5-turbo-0125,Write a function that counts the number of pairs of integers in a list that xor to an even number.,"def find_even_pair(nums):
    count = 0
    for i in range(len(nums)):
        for j in range(i+1, len(nums)):
            if (nums[i] ^ nums[j]) % 2 == 0:
                count += 1
    return count
",,True,"The function `func` accepts a parameter `nums`, which is a list of integers. It iterates through all pairs of elements in `nums` starting from the second element. For each pair where the XOR of the elements is even, the `count` is incremented. The loop continues as long as `i` is less than the length of `nums` - 1 and `j` is equal to `i + 1. If `nums` has less than 2 elements, the loop does not execute, and the function returns the final value of `count`. The function accurately calculates the count of pairs with even XOR results.",True,True,pilot_mbpp2.json
Mbpp/166,mbpp,gpt-4o,gpt-3.5-turbo-0125,Write a function that counts the number of pairs of integers in a list that xor to an even number.,"def find_even_pair(lst):
    even_count = sum(1 for x in lst if x % 2 == 0)
    odd_count = len(lst) - even_count  # total count minus even count gives odd count

    # Calculate the number of pairs that XOR to an even number
    even_pairs = even_count * (even_count - 1) // 2
    odd_pairs = odd_count * (odd_count - 1) // 2
    
    return even_pairs + odd_pairs

# Test cases
assert find_even_pair([5, 4, 7, 2, 1]) == 4
assert find_even_pair([7, 2, 8, 1, 0, 5, 11]) == 9
assert find_even_pair([1, 2, 3]) == 1
",,True,"The function func accepts a parameter lst, which is a list of integers. It calculates the count of even numbers in the list as even_count, the count of odd numbers as odd_count, and odd_pairs accordingly. It then returns the sum of even_pairs and odd_pairs. The function does not handle cases where the input list is empty or if the list contains non-integer values.",True,True,pilot_mbpp2.json
Mbpp/280,mbpp,llama3-70b,gpt-3.5-turbo-0125,Write a function that takes in an array and element and returns a tuple containing a boolean that indicates if the element is in the array and the index position of the element (or -1 if the element is not found).,"def sequential_search(arr, elem):
    for i, x in enumerate(arr):
        if x == elem:
            return (True, i)
    return (False, -1)
",,True,"The function `func` accepts a list `arr` and an element `elem`. It iterates through the list `arr` and if it finds an element equal to `elem`, it returns True along with the index of that element. If no such element is found in the list, the function returns False and -1. Therefore, the functionality of the function is to search for the presence of a specific element in the list and return True with the index if found, or False and -1 if not found.",True,True,pilot_mbpp3.json
Mbpp/280,mbpp,gpt-4o,gpt-3.5-turbo-0125,Write a function that takes in an array and element and returns a tuple containing a boolean that indicates if the element is in the array and the index position of the element (or -1 if the element is not found).,"def sequential_search(arr, element):
    for index, value in enumerate(arr):
        if value == element:
            return (True, index)
    return (False, -1)

# Test cases
assert sequential_search([11,23,58,31,56,77,43,12,65,19],31) == (True, 3)
assert sequential_search([12, 32, 45, 62, 35, 47, 44, 61],61) == (True, 7)
assert sequential_search([9, 10, 17, 19, 22, 39, 48, 56],48) == (True, 6)
",,True,"Functionality: The function `func` accepts two parameters: `arr`, which is a list of elements, and `element`, which is a single element to be compared within the list. The function searches for the `element` in the `arr`. If the `element` is found in the `arr`, the function returns True along with the index where the element is located. If the `element` is not found in the `arr`, the function returns False. If the `arr` is empty, the function also returns False. If the `element` is not found in a non-empty `arr`, the function should return False.",True,True,pilot_mbpp3.json
Mbpp/11,mbpp,llama3-70b,gpt-3.5-turbo-0125,Write a python function to remove first and last occurrence of a given character from the string.,"def remove_Occ(s, c):
    first_occ = s.find(c)
    last_occ = s.rfind(c)
    if first_occ != -1 and last_occ != -1:
        return s[:first_occ] + s[first_occ+1:last_occ] + s[last_occ+1:]
    else:
        return s
",,False,"Functionality: The function func accepts a string `s` and a single character `c`. If both the index of the first occurrence of `c` in `s` and the index of the last occurrence of `c` in `s` are not -1, the function returns the modified string after removing the substring between the first and last occurrences inclusive. If either the index of the first occurrence or the index of the last occurrence of `c` is -1, the function returns the original string `s`.",True,False,pilot_mbpp3.json
Mbpp/11,mbpp,gpt-4o,gpt-3.5-turbo-0125,Write a python function to remove first and last occurrence of a given character from the string.,"def remove_Occ(s: str, ch: str) -> str:
    first_index = s.find(ch)
    last_index = s.rfind(ch)
    
    if first_index == -1 or last_index == -1 or first_index == last_index:
        return s  # No removal needed if ch is not found or only one occurrence
    
    # Create a new string without the first and last occurrence of ch
    return s[:first_index] + s[first_index + 1:last_index] + s[last_index + 1:]

# Testing the function with the provided test cases
assert remove_Occ(""hello"", ""l"") == ""heo""
assert remove_Occ(""abcda"", ""a"") == ""bcd""
assert remove_Occ(""PHP"", ""P"") == ""H""
",,True,"The function `func` accepts two parameters `s` and `ch`, where `s` is a string and `ch` is a string of length 1. If `first_index` is -1 or `last_index` is -1 or `first_index` is equal to `last_index`, then the function returns `s`. Otherwise, it removes the character at the first and last occurrences of `ch` in `s` and returns the modified string.",False,True,pilot_mbpp3.json
Mbpp/562,mbpp,llama3-70b,gpt-3.5-turbo-0125,Write a python function to find the length of the longest sublists.,"def Find_Max_Length(lists):
    return max(len(sublist) for sublist in lists)
",,True,"The function `func` accepts a parameter `lists`, which is a list of lists where each sublist contains elements. It then returns the length of the longest sublist within `lists`.",True,True,pilot_mbpp3.json
Mbpp/562,mbpp,gpt-4o,gpt-3.5-turbo-0125,Write a python function to find the length of the longest sublists.,"def Find_Max_Length(list_of_lists):
    max_length = 0
    for sublist in list_of_lists:
        if len(sublist) > max_length:
            max_length = len(sublist)
    return max_length

# Test cases
assert Find_Max_Length([[1],[1,4],[5,6,7,8]]) == 4
assert Find_Max_Length([[0,1],[2,2,],[3,2,1]]) == 3
assert Find_Max_Length([[7],[22,23],[13,14,15],[10,20,30,40,50]]) == 5
",,True,"The function accepts a parameter list_of_lists, iterates through each sublist, calculates the length of the longest sublist, and returns that length. If the input list is empty, it returns 0. The function accurately determines the length of the longest sublist regardless of the initial value of `max_length` mentioned in the annotations.",True,True,pilot_mbpp3.json
Mbpp/109,mbpp,llama3-70b,gpt-3.5-turbo-0125,Write a python function to find the number of numbers with an odd value when rotating a binary string the given number of times.,"def odd_Equivalent(s, n):
    s = s * (n // len(s) + 1)
    count = 0
    for i in range(n):
        temp = s[i:i+len(s)]
        count += temp.count('1') % 2
    return count
",,False,"Functionality: The function accepts two parameters, a binary string `s` and a non-negative integer `n`. It calculates the parity of the count of '1's in substrings of length equal to the length of `s`. If `n` is 0 or negative, or if the length of `s` is 0, the function returns 0. The function then returns the final value of `count` which represents the parity count of '1's. However, there is missing functionality in the code as it doesn't handle cases where the length of the binary string `s` is less than `n`. This missing logic could potentially lead to unexpected results.",False,True,pilot_mbpp3.json
Mbpp/109,mbpp,gpt-4o,gpt-3.5-turbo-0125,Write a python function to find the number of numbers with an odd value when rotating a binary string the given number of times.,"def odd_Equivalent(binary_str, num_rotations):
    count = 0
    for _ in range(num_rotations):
        # Rotate the string by moving the last character to the front
        binary_str = binary_str[-1] + binary_str[:-1]
        # Convert the rotated binary string to an integer
        integer_value = int(binary_str, 2)
        # Check if the integer is odd
        if integer_value % 2 == 1:
            count += 1
    return count

# Testing the function with the provided test cases
assert odd_Equivalent(""011001"", 6) == 3
assert odd_Equivalent(""11011"", 5) == 4
assert odd_Equivalent(""1010"", 4) == 2
",,True,"The function `func` accepts two parameters: `binary_str`, which is a binary string, and `num_rotations`, a non-negative integer. It rotates the binary string `num_rotations` times, calculates the decimal representation of the final rotated binary string, and counts the number of times this decimal value is odd. The function then returns this count. If `num_rotations` is 0, the loop does not execute, and the count remains 0.",False,True,pilot_mbpp3.json
Mbpp/618,mbpp,llama3-70b,gpt-3.5-turbo-0125,Write a function to divide two lists element wise.,"def div_list(list1, list2):
    if len(list1) != len(list2):
        raise ValueError(""Both lists must be of the same length"")
    return [x/y for x, y in zip(list1, list2)]
",,True,"The function func accepts two lists, list1 and list2, of the same length. If the lengths of list1 and list2 are not equal, a ValueError is raised stating that both lists must be of the same length. Otherwise, it returns a new list containing the result of element-wise division of corresponding elements from list1 and list2.",True,True,pilot_mbpp3.json
Mbpp/618,mbpp,gpt-4o,gpt-3.5-turbo-0125,Write a function to divide two lists element wise.,"def div_list(list1, list2):
    return [a / b for a, b in zip(list1, list2)]

# Testing the function with provided test cases
assert div_list([4,5,6],[1, 2, 3]) == [4.0, 2.5, 2.0]
assert div_list([3,2],[1,4]) == [3.0, 0.5]
assert div_list([90,120],[50,70]) == [1.8, 1.7142857142857142]
",,True,"The function accepts two lists of numbers, list1 and list2. It then returns a new list containing the division of each element in list1 by the corresponding element in list2. It is assumed that list2 does not contain any zero elements.",True,True,pilot_mbpp3.json
Mbpp/278,mbpp,llama3-70b,gpt-3.5-turbo-0125,Write a function to find the number of elements that occurs before the tuple element in the given tuple.,"def count_first_elements(tup):
    for elem in tup:
        if isinstance(elem, tuple):
            return tup.index(elem)
    return len(tup)
",,True,"The function `func` accepts a tuple `tup` containing elements, and if there is at least one tuple element present in `tup`, it will return the index of the first tuple element found. If no tuple elements are found, the function will return the length of the tuple `tup`.",False,False,pilot_mbpp5.json
Mbpp/278,mbpp,gpt-4o,gpt-3.5-turbo-0125,Write a function to find the number of elements that occurs before the tuple element in the given tuple.,"def count_first_elements(tup):
    count = 0
    for elem in tup:
        if isinstance(elem, tuple):
            break
        count += 1
    return count

# Test cases
assert count_first_elements((1, 5, 7, (4, 6), 10)) == 3
assert count_first_elements((2, 9, (5, 7), 11)) == 2
assert count_first_elements((11, 15, 5, 8, (2, 3), 8)) == 4
",,True,"The function func accepts a tuple `tup` and iterates through its elements. It determines the value of `count` based on the index of the first non-tuple element in `tup`. If all elements in `tup` are tuples, `count` will be the length of `tup`. If `tup` is an empty tuple, `count` will remain 0.",False,True,pilot_mbpp5.json
Mbpp/628,mbpp,llama3-70b,gpt-3.5-turbo-0125,Write a function to replace all spaces in the given string with '%20'.,"def replace_spaces(s: str) -> str:
    return s.replace(' ', '%20')
",,True,The function func accepts a string `s` and returns the modified string where spaces are replaced by '%20'.,True,True,pilot_mbpp5.json
Mbpp/628,mbpp,gpt-4o,gpt-3.5-turbo-0125,Write a function to replace all spaces in the given string with '%20'.,"def replace_spaces(input_string):
    return input_string.replace(' ', '%20')

# Test cases
assert replace_spaces(""My Name is Dawood"") == 'My%20Name%20is%20Dawood'
assert replace_spaces(""I am a Programmer"") == 'I%20am%20a%20Programmer'
assert replace_spaces(""I love Coding"") == 'I%20love%20Coding'
",,True,The function accepts a string input_string and returns the input_string after replacing all spaces with '%20'.,True,True,pilot_mbpp5.json
Mbpp/624,mbpp,llama3-70b,gpt-3.5-turbo-0125,Write a python function to convert a given string to uppercase.,"def is_upper(s: str) -> str:
    return s.upper()
",,True,The function func accepts a string `s` and returns the uppercase version of `s`.,True,True,pilot_mbpp5.json
Mbpp/624,mbpp,gpt-4o,gpt-3.5-turbo-0125,Write a python function to convert a given string to uppercase.,"def is_upper(s):
    return s.upper()

# Tests to validate the solution
assert is_upper(""person"") == ""PERSON""
assert is_upper(""final"") == ""FINAL""
assert is_upper(""Valid"") == ""VALID""
",,True,The function accepts a string `s` and returns the uppercase version of `s`.,True,True,pilot_mbpp5.json
Mbpp/297,mbpp,llama3-70b,gpt-3.5-turbo-0125,Write a function to flatten a given nested list structure.,"def flatten_list(nested_list):
    flat_list = []
    for element in nested_list:
        if isinstance(element, list):
            flat_list.extend(flatten_list(element))
        else:
            flat_list.append(element)
    return flat_list
",,True,"The function `func` takes a nested list `nested_list` where each element can be either a list or a non-list element. It recursively flattens the nested structure and returns a flat list `flat_list` containing all the elements from `nested_list`. If `nested_list` is empty, `flat_list` remains empty. The function handles nested structures by recursively processing each element, whether it is a list or a non-list element, until all elements are flattened into `flat_list`.",True,True,pilot_mbpp5.json
Mbpp/297,mbpp,gpt-4o,gpt-3.5-turbo-0125,Write a function to flatten a given nested list structure.,"def flatten_list(nested_list):
    flat_list = []
    
    for item in nested_list:
        if isinstance(item, list):
            flat_list.extend(flatten_list(item))
        else:
            flat_list.append(item)
    
    return flat_list

# Testing the function with the provided test cases
assert flatten_list([0, 10, [20, 30], 40, 50, [60, 70, 80], [90, 100, 110, 120]]) == [0, 10, 20, 30, 40, 50, 60, 70, 80, 90, 100, 110, 120]
assert flatten_list([[10, 20], [40], [30, 56, 25], [10, 20], [33], [40]]) == [10, 20, 40, 30, 56, 25, 10, 20, 33, 40]
assert flatten_list([[1,2,3], [4,5,6], [10,11,12], [7,8,9]]) == [1, 2, 3, 4, 5, 6, 10, 11, 12, 7, 8, 9]
",,True,"The function func accepts a parameter nested_list, which is a list that may contain nested lists. It recursively flattens the nested_list by applying func to each nested list, resulting in flat_list. If nested_list is empty, the function returns an empty flat_list.",True,True,pilot_mbpp5.json
Mbpp/769,mbpp,llama3-70b,gpt-3.5-turbo-0125,Write a python function to get the difference between two lists.,"def Diff(list1, list2):
    return sorted(list(set(list1) ^ set(list2)))
",,True,"The function func accepts two lists, list1 and list2, and returns a sorted list of elements that are either in list1 or list2 but not both. The function uses the XOR operator (^) on the sets created from list1 and list2 to achieve this. It correctly handles cases where list1 or list2 is empty.",False,False,pilot_mbpp5.json
Mbpp/769,mbpp,gpt-4o,gpt-3.5-turbo-0125,Write a python function to get the difference between two lists.,"def Diff(list1, list2):
    # Convert lists to sets and find their symmetric difference
    set1 = set(list1)
    set2 = set(list2)
    diff_elements = set1.symmetric_difference(set2)
    
    # Convert the set back to a list and sort it to ensure the order matches the expected results
    result_list = list(diff_elements)
    result_list.sort(key=lambda x: (list1 + list2).index(x))
    
    return result_list

# Test cases
assert Diff([10, 15, 20, 25, 30, 35, 40], [25, 40, 35]) == [10, 20, 30, 15]
assert Diff([1,2,3,4,5], [6,7,1]) == [2,3,4,5,6,7]
assert Diff([1,2,3], [6,7,1]) == [2,3,6,7]
",,False,"The function func takes two parameters, list1 and list2, which are lists of elements. It then creates sets from these input lists, identifies elements that are present in only one set but not in both, and returns a list of these elements sorted by their index in the concatenated input lists. The function correctly implements the logic described in the annotations, considering all potential cases where elements may be missing or duplicated in the input lists.",False,True,pilot_mbpp5.json
Mbpp/612,mbpp,llama3-70b,gpt-3.5-turbo-0125,"Write a python function which takes a list of lists, where each sublist has two elements, and returns a list of two lists where the first list has the first element of each sublist and the second one has the second.","def merge(list_of_lists):
    return [list(element[0] for element in list_of_lists), list(element[1] for element in list_of_lists)]
",,True,"The function accepts a parameter `list_of_lists`, which is a list of lists with exactly two elements in each sublist. It then returns two new lists: one containing the first elements of each sublist in `list_of_lists`, and the other containing the second elements of each sublist. The code does not handle cases where the input `list_of_lists` is empty or contains sublists with fewer or more than two elements.",True,False,pilot_mbpp4.json
Mbpp/612,mbpp,gpt-4o,gpt-3.5-turbo-0125,"Write a python function which takes a list of lists, where each sublist has two elements, and returns a list of two lists where the first list has the first element of each sublist and the second one has the second.","def merge(list_of_lists):
    first_elements = [sublist[0] for sublist in list_of_lists]
    second_elements = [sublist[1] for sublist in list_of_lists]
    return [first_elements, second_elements]

# Test cases
assert merge([['x', 'y'], ['a', 'b'], ['m', 'n']]) == [['x', 'a', 'm'], ['y', 'b', 'n']]
assert merge([[1, 2], [3, 4], [5, 6], [7, 8]]) == [[1, 3, 5, 7], [2, 4, 6, 8]]
assert merge([[[1], [2]], [[3], [4]], [[5], [6]], [[7], [8]]]) == [[[1], [3], [5], [7]], [[2], [4], [6], [8]]]

print(""All test cases passed!"")
",,True,"The function accepts a parameter list_of_lists, extracts the first elements of each sublist into first_elements, and the second elements of each sublist into second_elements. It then returns a list containing first_elements and second_elements. The function assumes that list_of_lists is a list of lists where each sublist contains exactly two elements.",True,True,pilot_mbpp4.json
Mbpp/250,mbpp,llama3-70b,gpt-3.5-turbo-0125,Write a python function that takes in a tuple and an element and counts the occcurences of the element in the tuple.,"def count_X(tup, elem):
    return tup.count(elem)
",,True,"The function accepts a tuple `tup` and an element `elem`, and returns the count of `elem` in `tup`. The function assumes that `elem` is present in `tup`.",True,True,pilot_mbpp4.json
Mbpp/250,mbpp,gpt-4o,gpt-3.5-turbo-0125,Write a python function that takes in a tuple and an element and counts the occcurences of the element in the tuple.,"def count_X(tup, element):
    return tup.count(element)

# Tests
assert count_X((10, 8, 5, 2, 10, 15, 10, 8, 5, 8, 8, 2),4) == 0
assert count_X((10, 8, 5, 2, 10, 15, 10, 8, 5, 8, 8, 2),10) == 3
assert count_X((10, 8, 5, 2, 10, 15, 10, 8, 5, 8, 8, 2),8) == 4
",,True,"The function accepts a tuple `tup` and an element `element`, and returns the count of `element` in `tup`. The function accurately calculates the count of `element` in `tup` for all data types of `element` within the tuple.",True,True,pilot_mbpp4.json
Mbpp/252,mbpp,llama3-70b,gpt-3.5-turbo-0125,Write a python function to convert complex numbers to polar coordinates.,"import cmath
def convert(c):
    return (abs(c), cmath.phase(c))
",,True,The function `func` accepts a complex number `c` as a parameter and returns the absolute value and phase of `c`.,False,True,pilot_mbpp4.json
Mbpp/252,mbpp,gpt-4o,gpt-3.5-turbo-0125,Write a python function to convert complex numbers to polar coordinates.,"import cmath

def convert(num):
    return cmath.polar(complex(num))

# Test cases
assert convert(1) == (1.0, 0.0)
assert convert(4) == (4.0, 0.0)
assert convert(5) == (5.0, 0.0)
",,True,The function accepts a complex number `num` and returns its polar coordinates.,False,False,pilot_mbpp4.json
Mbpp/478,mbpp,llama3-70b,gpt-3.5-turbo-0125,Write a function to remove lowercase substrings from a given string.,"def remove_lowercase(s: str) -> str:
    return ''.join(c for c in s if c.isupper())
",,True,"The function accepts a string `s` and returns a new string containing only the uppercase characters from the input string. If the input string has no uppercase characters, the function will return an empty string.",True,False,pilot_mbpp4.json
Mbpp/478,mbpp,gpt-4o,gpt-3.5-turbo-0125,Write a function to remove lowercase substrings from a given string.,"def remove_lowercase(s: str) -> str:
    return ''.join([char for char in s if char.isupper()])

# Testing the function
assert remove_lowercase(""PYTHon"") == 'PYTH'
assert remove_lowercase(""FInD"") == 'FID'
assert remove_lowercase(""STRinG"") == 'STRG'
",,True,The function accepts a string `s` and returns a new string containing only the uppercase letters from the original string `s`.,True,True,pilot_mbpp4.json
Mbpp/309,mbpp,llama3-70b,gpt-3.5-turbo-0125,Write a python function to find the maximum of two numbers.,"def maximum(a, b):
    return max(a, b)
",,True,"The function accepts two integer parameters a and b, and returns the maximum value between them.",True,True,pilot_mbpp4.json
Mbpp/309,mbpp,gpt-4o,gpt-3.5-turbo-0125,Write a python function to find the maximum of two numbers.,"def maximum(a, b):
    return a if a > b else b

# Test cases to verify the implementation
assert maximum(5, 10) == 10
assert maximum(-1, -2) == -1
assert maximum(9, 7) == 9
",,True,"The function accepts two integer parameters `a` and `b` and returns the greater value between them. If `a` is equal to `b`, the function returns either `a` or `b`, as both are the same.",True,True,pilot_mbpp4.json
